"";"Rubrica";"Data";"Valor"
"1";"5. PRIMÁRIO GOVERNO CENTRAL";1997-01-01;-978
"2";"5. PRIMÁRIO GOVERNO CENTRAL";1997-02-01;648
"3";"5. PRIMÁRIO GOVERNO CENTRAL";1997-03-01;1625
"4";"5. PRIMÁRIO GOVERNO CENTRAL";1997-04-01;1524
"5";"5. PRIMÁRIO GOVERNO CENTRAL";1997-05-01;191
"6";"5. PRIMÁRIO GOVERNO CENTRAL";1997-06-01;103
"7";"5. PRIMÁRIO GOVERNO CENTRAL";1997-07-01;-108
"8";"5. PRIMÁRIO GOVERNO CENTRAL";1997-08-01;1587
"9";"5. PRIMÁRIO GOVERNO CENTRAL";1997-09-01;-696
"10";"5. PRIMÁRIO GOVERNO CENTRAL";1997-10-01;-769
"11";"5. PRIMÁRIO GOVERNO CENTRAL";1997-11-01;276
"12";"5. PRIMÁRIO GOVERNO CENTRAL";1997-12-01;-1602
"13";"5. PRIMÁRIO GOVERNO CENTRAL";1998-01-01;551
"14";"5. PRIMÁRIO GOVERNO CENTRAL";1998-02-01;279
"15";"5. PRIMÁRIO GOVERNO CENTRAL";1998-03-01;2344
"16";"5. PRIMÁRIO GOVERNO CENTRAL";1998-04-01;1788
"17";"5. PRIMÁRIO GOVERNO CENTRAL";1998-05-01;-58
"18";"5. PRIMÁRIO GOVERNO CENTRAL";1998-06-01;-1842
"19";"5. PRIMÁRIO GOVERNO CENTRAL";1998-07-01;-26
"20";"5. PRIMÁRIO GOVERNO CENTRAL";1998-08-01;5748
"21";"5. PRIMÁRIO GOVERNO CENTRAL";1998-09-01;-738
"22";"5. PRIMÁRIO GOVERNO CENTRAL";1998-10-01;-1467
"23";"5. PRIMÁRIO GOVERNO CENTRAL";1998-11-01;-1159
"24";"5. PRIMÁRIO GOVERNO CENTRAL";1998-12-01;2158
"25";"5. PRIMÁRIO GOVERNO CENTRAL";1999-01-01;760
"26";"5. PRIMÁRIO GOVERNO CENTRAL";1999-02-01;1571
"27";"5. PRIMÁRIO GOVERNO CENTRAL";1999-03-01;4507
"28";"5. PRIMÁRIO GOVERNO CENTRAL";1999-04-01;2510
"29";"5. PRIMÁRIO GOVERNO CENTRAL";1999-05-01;-651
"30";"5. PRIMÁRIO GOVERNO CENTRAL";1999-06-01;3813
"31";"5. PRIMÁRIO GOVERNO CENTRAL";1999-07-01;2157
"32";"5. PRIMÁRIO GOVERNO CENTRAL";1999-08-01;2643
"33";"5. PRIMÁRIO GOVERNO CENTRAL";1999-09-01;3518
"34";"5. PRIMÁRIO GOVERNO CENTRAL";1999-10-01;506
"35";"5. PRIMÁRIO GOVERNO CENTRAL";1999-11-01;785
"36";"5. PRIMÁRIO GOVERNO CENTRAL";1999-12-01;-1955
"37";"5. PRIMÁRIO GOVERNO CENTRAL";2000-01-01;1481
"38";"5. PRIMÁRIO GOVERNO CENTRAL";2000-02-01;1476
"39";"5. PRIMÁRIO GOVERNO CENTRAL";2000-03-01;4014
"40";"5. PRIMÁRIO GOVERNO CENTRAL";2000-04-01;3937
"41";"5. PRIMÁRIO GOVERNO CENTRAL";2000-05-01;2882
"42";"5. PRIMÁRIO GOVERNO CENTRAL";2000-06-01;1641
"43";"5. PRIMÁRIO GOVERNO CENTRAL";2000-07-01;356
"44";"5. PRIMÁRIO GOVERNO CENTRAL";2000-08-01;3272
"45";"5. PRIMÁRIO GOVERNO CENTRAL";2000-09-01;1593
"46";"5. PRIMÁRIO GOVERNO CENTRAL";2000-10-01;1025
"47";"5. PRIMÁRIO GOVERNO CENTRAL";2000-11-01;1291
"48";"5. PRIMÁRIO GOVERNO CENTRAL";2000-12-01;-1986
"49";"5. PRIMÁRIO GOVERNO CENTRAL";2001-01-01;2556
"50";"5. PRIMÁRIO GOVERNO CENTRAL";2001-02-01;569
"51";"5. PRIMÁRIO GOVERNO CENTRAL";2001-03-01;3583
"52";"5. PRIMÁRIO GOVERNO CENTRAL";2001-04-01;6504
"53";"5. PRIMÁRIO GOVERNO CENTRAL";2001-05-01;3499
"54";"5. PRIMÁRIO GOVERNO CENTRAL";2001-06-01;1564
"55";"5. PRIMÁRIO GOVERNO CENTRAL";2001-07-01;1189
"56";"5. PRIMÁRIO GOVERNO CENTRAL";2001-08-01;2389
"57";"5. PRIMÁRIO GOVERNO CENTRAL";2001-09-01;1561
"58";"5. PRIMÁRIO GOVERNO CENTRAL";2001-10-01;2381
"59";"5. PRIMÁRIO GOVERNO CENTRAL";2001-11-01;785
"60";"5. PRIMÁRIO GOVERNO CENTRAL";2001-12-01;-4843
"61";"5. PRIMÁRIO GOVERNO CENTRAL";2002-01-01;6030
"62";"5. PRIMÁRIO GOVERNO CENTRAL";2002-02-01;2526
"63";"5. PRIMÁRIO GOVERNO CENTRAL";2002-03-01;2005
"64";"5. PRIMÁRIO GOVERNO CENTRAL";2002-04-01;5726
"65";"5. PRIMÁRIO GOVERNO CENTRAL";2002-05-01;1831
"66";"5. PRIMÁRIO GOVERNO CENTRAL";2002-06-01;1772
"67";"5. PRIMÁRIO GOVERNO CENTRAL";2002-07-01;1781
"68";"5. PRIMÁRIO GOVERNO CENTRAL";2002-08-01;1324
"69";"5. PRIMÁRIO GOVERNO CENTRAL";2002-09-01;6956
"70";"5. PRIMÁRIO GOVERNO CENTRAL";2002-10-01;3797
"71";"5. PRIMÁRIO GOVERNO CENTRAL";2002-11-01;1027
"72";"5. PRIMÁRIO GOVERNO CENTRAL";2002-12-01;-3199
"73";"5. PRIMÁRIO GOVERNO CENTRAL";2003-01-01;7171
"74";"5. PRIMÁRIO GOVERNO CENTRAL";2003-02-01;3833
"75";"5. PRIMÁRIO GOVERNO CENTRAL";2003-03-01;4128
"76";"5. PRIMÁRIO GOVERNO CENTRAL";2003-04-01;9672
"77";"5. PRIMÁRIO GOVERNO CENTRAL";2003-05-01;3725
"78";"5. PRIMÁRIO GOVERNO CENTRAL";2003-06-01;760
"79";"5. PRIMÁRIO GOVERNO CENTRAL";2003-07-01;2808
"80";"5. PRIMÁRIO GOVERNO CENTRAL";2003-08-01;2488
"81";"5. PRIMÁRIO GOVERNO CENTRAL";2003-09-01;3764
"82";"5. PRIMÁRIO GOVERNO CENTRAL";2003-10-01;4327
"83";"5. PRIMÁRIO GOVERNO CENTRAL";2003-11-01;2362
"84";"5. PRIMÁRIO GOVERNO CENTRAL";2003-12-01;-5958
"85";"5. PRIMÁRIO GOVERNO CENTRAL";2004-01-01;7243
"86";"5. PRIMÁRIO GOVERNO CENTRAL";2004-02-01;4283
"87";"5. PRIMÁRIO GOVERNO CENTRAL";2004-03-01;5745
"88";"5. PRIMÁRIO GOVERNO CENTRAL";2004-04-01;7129
"89";"5. PRIMÁRIO GOVERNO CENTRAL";2004-05-01;3771
"90";"5. PRIMÁRIO GOVERNO CENTRAL";2004-06-01;5660
"91";"5. PRIMÁRIO GOVERNO CENTRAL";2004-07-01;3622
"92";"5. PRIMÁRIO GOVERNO CENTRAL";2004-08-01;3460
"93";"5. PRIMÁRIO GOVERNO CENTRAL";2004-09-01;4706
"94";"5. PRIMÁRIO GOVERNO CENTRAL";2004-10-01;4742
"95";"5. PRIMÁRIO GOVERNO CENTRAL";2004-11-01;1757
"96";"5. PRIMÁRIO GOVERNO CENTRAL";2004-12-01;-2776
"97";"5. PRIMÁRIO GOVERNO CENTRAL";2005-01-01;8378
"98";"5. PRIMÁRIO GOVERNO CENTRAL";2005-02-01;2016
"99";"5. PRIMÁRIO GOVERNO CENTRAL";2005-03-01;6573
"100";"5. PRIMÁRIO GOVERNO CENTRAL";2005-04-01;12713
"101";"5. PRIMÁRIO GOVERNO CENTRAL";2005-05-01;2780
"102";"5. PRIMÁRIO GOVERNO CENTRAL";2005-06-01;5766
"103";"5. PRIMÁRIO GOVERNO CENTRAL";2005-07-01;4757
"104";"5. PRIMÁRIO GOVERNO CENTRAL";2005-08-01;3782
"105";"5. PRIMÁRIO GOVERNO CENTRAL";2005-09-01;2787
"106";"5. PRIMÁRIO GOVERNO CENTRAL";2005-10-01;5853
"107";"5. PRIMÁRIO GOVERNO CENTRAL";2005-11-01;1278
"108";"5. PRIMÁRIO GOVERNO CENTRAL";2005-12-01;-4009
"109";"5. PRIMÁRIO GOVERNO CENTRAL";2006-01-01;4055
"110";"5. PRIMÁRIO GOVERNO CENTRAL";2006-02-01;3608
"111";"5. PRIMÁRIO GOVERNO CENTRAL";2006-03-01;7290
"112";"5. PRIMÁRIO GOVERNO CENTRAL";2006-04-01;14686
"113";"5. PRIMÁRIO GOVERNO CENTRAL";2006-05-01;2662
"114";"5. PRIMÁRIO GOVERNO CENTRAL";2006-06-01;6050
"115";"5. PRIMÁRIO GOVERNO CENTRAL";2006-07-01;3027
"116";"5. PRIMÁRIO GOVERNO CENTRAL";2006-08-01;6272
"117";"5. PRIMÁRIO GOVERNO CENTRAL";2006-09-01;375
"118";"5. PRIMÁRIO GOVERNO CENTRAL";2006-10-01;6850
"119";"5. PRIMÁRIO GOVERNO CENTRAL";2006-11-01;-337
"120";"5. PRIMÁRIO GOVERNO CENTRAL";2006-12-01;-5790
"121";"5. PRIMÁRIO GOVERNO CENTRAL";2007-01-01;11556
"122";"5. PRIMÁRIO GOVERNO CENTRAL";2007-02-01;3499
"123";"5. PRIMÁRIO GOVERNO CENTRAL";2007-03-01;3864
"124";"5. PRIMÁRIO GOVERNO CENTRAL";2007-04-01;14095
"125";"5. PRIMÁRIO GOVERNO CENTRAL";2007-05-01;4242
"126";"5. PRIMÁRIO GOVERNO CENTRAL";2007-06-01;5198
"127";"5. PRIMÁRIO GOVERNO CENTRAL";2007-07-01;5163
"128";"5. PRIMÁRIO GOVERNO CENTRAL";2007-08-01;3664
"129";"5. PRIMÁRIO GOVERNO CENTRAL";2007-09-01;39
"130";"5. PRIMÁRIO GOVERNO CENTRAL";2007-10-01;9878
"131";"5. PRIMÁRIO GOVERNO CENTRAL";2007-11-01;4504
"132";"5. PRIMÁRIO GOVERNO CENTRAL";2007-12-01;-8052
"133";"5. PRIMÁRIO GOVERNO CENTRAL";2008-01-01;15363
"134";"5. PRIMÁRIO GOVERNO CENTRAL";2008-02-01;5217
"135";"5. PRIMÁRIO GOVERNO CENTRAL";2008-03-01;10607
"136";"5. PRIMÁRIO GOVERNO CENTRAL";2008-04-01;16721
"137";"5. PRIMÁRIO GOVERNO CENTRAL";2008-05-01;5550
"138";"5. PRIMÁRIO GOVERNO CENTRAL";2008-06-01;7921
"139";"5. PRIMÁRIO GOVERNO CENTRAL";2008-07-01;7205
"140";"5. PRIMÁRIO GOVERNO CENTRAL";2008-08-01;6268
"141";"5. PRIMÁRIO GOVERNO CENTRAL";2008-09-01;6134
"142";"5. PRIMÁRIO GOVERNO CENTRAL";2008-10-01;14867
"143";"5. PRIMÁRIO GOVERNO CENTRAL";2008-11-01;-4419
"144";"5. PRIMÁRIO GOVERNO CENTRAL";2008-12-01;-19994
"145";"5. PRIMÁRIO GOVERNO CENTRAL";2009-01-01;3978
"146";"5. PRIMÁRIO GOVERNO CENTRAL";2009-02-01;-1111
"147";"5. PRIMÁRIO GOVERNO CENTRAL";2009-03-01;6627
"148";"5. PRIMÁRIO GOVERNO CENTRAL";2009-04-01;10031
"149";"5. PRIMÁRIO GOVERNO CENTRAL";2009-05-01;-367
"150";"5. PRIMÁRIO GOVERNO CENTRAL";2009-06-01;-618
"151";"5. PRIMÁRIO GOVERNO CENTRAL";2009-07-01;1510
"152";"5. PRIMÁRIO GOVERNO CENTRAL";2009-08-01;3383
"153";"5. PRIMÁRIO GOVERNO CENTRAL";2009-09-01;-7814
"154";"5. PRIMÁRIO GOVERNO CENTRAL";2009-10-01;11235
"155";"5. PRIMÁRIO GOVERNO CENTRAL";2009-11-01;10663
"156";"5. PRIMÁRIO GOVERNO CENTRAL";2009-12-01;1921
"157";"5. PRIMÁRIO GOVERNO CENTRAL";2010-01-01;13809
"158";"5. PRIMÁRIO GOVERNO CENTRAL";2010-02-01;-1181
"159";"5. PRIMÁRIO GOVERNO CENTRAL";2010-03-01;-4566
"160";"5. PRIMÁRIO GOVERNO CENTRAL";2010-04-01;16481
"161";"5. PRIMÁRIO GOVERNO CENTRAL";2010-05-01;-582
"162";"5. PRIMÁRIO GOVERNO CENTRAL";2010-06-01;614
"163";"5. PRIMÁRIO GOVERNO CENTRAL";2010-07-01;726
"164";"5. PRIMÁRIO GOVERNO CENTRAL";2010-08-01;3863
"165";"5. PRIMÁRIO GOVERNO CENTRAL";2010-09-01;25946
"166";"5. PRIMÁRIO GOVERNO CENTRAL";2010-10-01;7718
"167";"5. PRIMÁRIO GOVERNO CENTRAL";2010-11-01;885
"168";"5. PRIMÁRIO GOVERNO CENTRAL";2010-12-01;14179
"169";"5. PRIMÁRIO GOVERNO CENTRAL";2011-01-01;14074
"170";"5. PRIMÁRIO GOVERNO CENTRAL";2011-02-01;2527
"171";"5. PRIMÁRIO GOVERNO CENTRAL";2011-03-01;8888
"172";"5. PRIMÁRIO GOVERNO CENTRAL";2011-04-01;15491
"173";"5. PRIMÁRIO GOVERNO CENTRAL";2011-05-01;4043
"174";"5. PRIMÁRIO GOVERNO CENTRAL";2011-06-01;10408
"175";"5. PRIMÁRIO GOVERNO CENTRAL";2011-07-01;11103
"176";"5. PRIMÁRIO GOVERNO CENTRAL";2011-08-01;2537
"177";"5. PRIMÁRIO GOVERNO CENTRAL";2011-09-01;5301
"178";"5. PRIMÁRIO GOVERNO CENTRAL";2011-10-01;11406
"179";"5. PRIMÁRIO GOVERNO CENTRAL";2011-11-01;4630
"180";"5. PRIMÁRIO GOVERNO CENTRAL";2011-12-01;1483
"181";"5. PRIMÁRIO GOVERNO CENTRAL";2012-01-01;20622
"182";"5. PRIMÁRIO GOVERNO CENTRAL";2012-02-01;5373
"183";"5. PRIMÁRIO GOVERNO CENTRAL";2012-03-01;7408
"184";"5. PRIMÁRIO GOVERNO CENTRAL";2012-04-01;10841
"185";"5. PRIMÁRIO GOVERNO CENTRAL";2012-05-01;1476
"186";"5. PRIMÁRIO GOVERNO CENTRAL";2012-06-01;695
"187";"5. PRIMÁRIO GOVERNO CENTRAL";2012-07-01;3770
"188";"5. PRIMÁRIO GOVERNO CENTRAL";2012-08-01;1385
"189";"5. PRIMÁRIO GOVERNO CENTRAL";2012-09-01;1068
"190";"5. PRIMÁRIO GOVERNO CENTRAL";2012-10-01;9421
"191";"5. PRIMÁRIO GOVERNO CENTRAL";2012-11-01;-4803
"192";"5. PRIMÁRIO GOVERNO CENTRAL";2012-12-01;27733
"193";"5. PRIMÁRIO GOVERNO CENTRAL";2013-01-01;26123
"194";"5. PRIMÁRIO GOVERNO CENTRAL";2013-02-01;-6684
"195";"5. PRIMÁRIO GOVERNO CENTRAL";2013-03-01;-420
"196";"5. PRIMÁRIO GOVERNO CENTRAL";2013-04-01;6692
"197";"5. PRIMÁRIO GOVERNO CENTRAL";2013-05-01;5558
"198";"5. PRIMÁRIO GOVERNO CENTRAL";2013-06-01;814
"199";"5. PRIMÁRIO GOVERNO CENTRAL";2013-07-01;3418
"200";"5. PRIMÁRIO GOVERNO CENTRAL";2013-08-01;-335
"201";"5. PRIMÁRIO GOVERNO CENTRAL";2013-09-01;-10681
"202";"5. PRIMÁRIO GOVERNO CENTRAL";2013-10-01;4928
"203";"5. PRIMÁRIO GOVERNO CENTRAL";2013-11-01;28350
"204";"5. PRIMÁRIO GOVERNO CENTRAL";2013-12-01;14397
"205";"5. PRIMÁRIO GOVERNO CENTRAL";2014-01-01;12240
"206";"5. PRIMÁRIO GOVERNO CENTRAL";2014-02-01;-3315
"207";"5. PRIMÁRIO GOVERNO CENTRAL";2014-03-01;2924
"208";"5. PRIMÁRIO GOVERNO CENTRAL";2014-04-01;16158
"209";"5. PRIMÁRIO GOVERNO CENTRAL";2014-05-01;-11482
"210";"5. PRIMÁRIO GOVERNO CENTRAL";2014-06-01;-2682
"211";"5. PRIMÁRIO GOVERNO CENTRAL";2014-07-01;-2624
"212";"5. PRIMÁRIO GOVERNO CENTRAL";2014-08-01;-10647
"213";"5. PRIMÁRIO GOVERNO CENTRAL";2014-09-01;-20838
"214";"5. PRIMÁRIO GOVERNO CENTRAL";2014-10-01;3021
"215";"5. PRIMÁRIO GOVERNO CENTRAL";2014-11-01;-7192
"216";"5. PRIMÁRIO GOVERNO CENTRAL";2014-12-01;953
"217";"5. PRIMÁRIO GOVERNO CENTRAL";2015-01-01;9988
"218";"5. PRIMÁRIO GOVERNO CENTRAL";2015-02-01;-7429
"219";"5. PRIMÁRIO GOVERNO CENTRAL";2015-03-01;1120
"220";"5. PRIMÁRIO GOVERNO CENTRAL";2015-04-01;9902
"221";"5. PRIMÁRIO GOVERNO CENTRAL";2015-05-01;-8554
"222";"5. PRIMÁRIO GOVERNO CENTRAL";2015-06-01;-8941
"223";"5. PRIMÁRIO GOVERNO CENTRAL";2015-07-01;-7762
"224";"5. PRIMÁRIO GOVERNO CENTRAL";2015-08-01;-5706
"225";"5. PRIMÁRIO GOVERNO CENTRAL";2015-09-01;-7182
"226";"5. PRIMÁRIO GOVERNO CENTRAL";2015-10-01;-13190
"227";"5. PRIMÁRIO GOVERNO CENTRAL";2015-11-01;-21281
"228";"5. PRIMÁRIO GOVERNO CENTRAL";2015-12-01;-61468
"229";"5. PRIMÁRIO GOVERNO CENTRAL";2016-01-01;14689
"230";"5. PRIMÁRIO GOVERNO CENTRAL";2016-02-01;-25412
"231";"5. PRIMÁRIO GOVERNO CENTRAL";2016-03-01;-7830
"232";"5. PRIMÁRIO GOVERNO CENTRAL";2016-04-01;8817
"233";"5. PRIMÁRIO GOVERNO CENTRAL";2016-05-01;-16987
"234";"5. PRIMÁRIO GOVERNO CENTRAL";2016-06-01;-9744
"235";"5. PRIMÁRIO GOVERNO CENTRAL";2016-07-01;-19227
"236";"5. PRIMÁRIO GOVERNO CENTRAL";2016-08-01;-20302
"237";"5. PRIMÁRIO GOVERNO CENTRAL";2016-09-01;-25239
"238";"5. PRIMÁRIO GOVERNO CENTRAL";2016-10-01;40872
"239";"5. PRIMÁRIO GOVERNO CENTRAL";2016-11-01;-38467
"240";"5. PRIMÁRIO GOVERNO CENTRAL";2016-12-01;-62447
"241";"5. PRIMÁRIO GOVERNO CENTRAL";2017-01-01;18005
"242";"5. PRIMÁRIO GOVERNO CENTRAL";2017-02-01;-26336
"243";"5. PRIMÁRIO GOVERNO CENTRAL";2017-03-01;-11231
"244";"5. PRIMÁRIO GOVERNO CENTRAL";2017-04-01;12316
"245";"5. PRIMÁRIO GOVERNO CENTRAL";2017-05-01;-29387
"246";"5. PRIMÁRIO GOVERNO CENTRAL";2017-06-01;-19844
"247";"5. PRIMÁRIO GOVERNO CENTRAL";2017-07-01;-20155
"248";"5. PRIMÁRIO GOVERNO CENTRAL";2017-08-01;-10111
"249";"5. PRIMÁRIO GOVERNO CENTRAL";2017-09-01;-22822
"250";"5. PRIMÁRIO GOVERNO CENTRAL";2017-10-01;5073
"251";"5. PRIMÁRIO GOVERNO CENTRAL";2017-11-01;1261
"252";"5. PRIMÁRIO GOVERNO CENTRAL";2017-12-01;-21029
"253";"5. PRIMÁRIO GOVERNO CENTRAL";2018-01-01;30842
"254";"5. PRIMÁRIO GOVERNO CENTRAL";2018-02-01;-19218
"255";"5. PRIMÁRIO GOVERNO CENTRAL";2018-03-01;-24495
"256";"5. PRIMÁRIO GOVERNO CENTRAL";2018-04-01;8684
"257";"5. PRIMÁRIO GOVERNO CENTRAL";2018-05-01;-11027
"258";"5. PRIMÁRIO GOVERNO CENTRAL";2018-06-01;-16380
"259";"5. PRIMÁRIO GOVERNO CENTRAL";2018-07-01;-7488
"260";"5. PRIMÁRIO GOVERNO CENTRAL";2018-08-01;-19657
"261";"5. PRIMÁRIO GOVERNO CENTRAL";2018-09-01;-23026
"262";"5. PRIMÁRIO GOVERNO CENTRAL";2018-10-01;9509
"263";"5. PRIMÁRIO GOVERNO CENTRAL";2018-11-01;-16218
"264";"5. PRIMÁRIO GOVERNO CENTRAL";2018-12-01;-31747
"265";"5. PRIMÁRIO GOVERNO CENTRAL";2019-01-01;30030
"266";"5. PRIMÁRIO GOVERNO CENTRAL";2019-02-01;-18231
"267";"5. PRIMÁRIO GOVERNO CENTRAL";2019-03-01;-21087
"268";"5. PRIMÁRIO GOVERNO CENTRAL";2019-04-01;6526
"269";"5. PRIMÁRIO GOVERNO CENTRAL";2019-05-01;-14743
"270";"5. PRIMÁRIO GOVERNO CENTRAL";2019-06-01;-11805
"271";"5. PRIMÁRIO GOVERNO CENTRAL";2019-07-01;-5934
"272";"5. PRIMÁRIO GOVERNO CENTRAL";2019-08-01;-16821
"273";"5. PRIMÁRIO GOVERNO CENTRAL";2019-09-01;-20472
"274";"5. PRIMÁRIO GOVERNO CENTRAL";2019-10-01;8684
"275";"5. PRIMÁRIO GOVERNO CENTRAL";2019-11-01;-16574
"276";"5. PRIMÁRIO GOVERNO CENTRAL";2019-12-01;-14637
"277";"5. PRIMÁRIO GOVERNO CENTRAL";2020-01-01;44133
"278";"5. PRIMÁRIO GOVERNO CENTRAL";2020-02-01;-25858
"279";"5. PRIMÁRIO GOVERNO CENTRAL";2020-03-01;-21131
"280";"5. PRIMÁRIO GOVERNO CENTRAL";2020-04-01;-93001
"281";"5. PRIMÁRIO GOVERNO CENTRAL";2020-05-01;-126632
"282";"5. PRIMÁRIO GOVERNO CENTRAL";2020-06-01;-194872
"283";"5. PRIMÁRIO GOVERNO CENTRAL";2020-07-01;-87886
"284";"5. PRIMÁRIO GOVERNO CENTRAL";2020-08-01;-96070
"285";"5. PRIMÁRIO GOVERNO CENTRAL";2020-09-01;-76144
"286";"5. PRIMÁRIO GOVERNO CENTRAL";2020-10-01;-3402
"287";"5. PRIMÁRIO GOVERNO CENTRAL";2020-11-01;-18221
"288";"5. PRIMÁRIO GOVERNO CENTRAL";2020-12-01;-44090
"289";"5. PRIMÁRIO GOVERNO CENTRAL";2021-01-01;43574
"290";"5. PRIMÁRIO GOVERNO CENTRAL";2021-02-01;-21231
"291";"5. PRIMÁRIO GOVERNO CENTRAL";2021-03-01;2101
"292";"3. RECEITA LÍQUIDA  (1-2)";1997-01-01;9789
"293";"3. RECEITA LÍQUIDA  (1-2)";1997-02-01;9664
"294";"3. RECEITA LÍQUIDA  (1-2)";1997-03-01;11299
"295";"3. RECEITA LÍQUIDA  (1-2)";1997-04-01;11224
"296";"3. RECEITA LÍQUIDA  (1-2)";1997-05-01;10305
"297";"3. RECEITA LÍQUIDA  (1-2)";1997-06-01;10136
"298";"3. RECEITA LÍQUIDA  (1-2)";1997-07-01;11417
"299";"3. RECEITA LÍQUIDA  (1-2)";1997-08-01;11497
"300";"3. RECEITA LÍQUIDA  (1-2)";1997-09-01;10813
"301";"3. RECEITA LÍQUIDA  (1-2)";1997-10-01;11503
"302";"3. RECEITA LÍQUIDA  (1-2)";1997-11-01;10783
"303";"3. RECEITA LÍQUIDA  (1-2)";1997-12-01;16339
"304";"3. RECEITA LÍQUIDA  (1-2)";1998-01-01;12678
"305";"3. RECEITA LÍQUIDA  (1-2)";1998-02-01;11367
"306";"3. RECEITA LÍQUIDA  (1-2)";1998-03-01;15104
"307";"3. RECEITA LÍQUIDA  (1-2)";1998-04-01;13121
"308";"3. RECEITA LÍQUIDA  (1-2)";1998-05-01;11114
"309";"3. RECEITA LÍQUIDA  (1-2)";1998-06-01;10675
"310";"3. RECEITA LÍQUIDA  (1-2)";1998-07-01;11742
"311";"3. RECEITA LÍQUIDA  (1-2)";1998-08-01;18014
"312";"3. RECEITA LÍQUIDA  (1-2)";1998-09-01;11142
"313";"3. RECEITA LÍQUIDA  (1-2)";1998-10-01;11114
"314";"3. RECEITA LÍQUIDA  (1-2)";1998-11-01;12458
"315";"3. RECEITA LÍQUIDA  (1-2)";1998-12-01;17831
"316";"3. RECEITA LÍQUIDA  (1-2)";1999-01-01;12132
"317";"3. RECEITA LÍQUIDA  (1-2)";1999-02-01;13408
"318";"3. RECEITA LÍQUIDA  (1-2)";1999-03-01;16807
"319";"3. RECEITA LÍQUIDA  (1-2)";1999-04-01;13696
"320";"3. RECEITA LÍQUIDA  (1-2)";1999-05-01;11670
"321";"3. RECEITA LÍQUIDA  (1-2)";1999-06-01;15729
"322";"3. RECEITA LÍQUIDA  (1-2)";1999-07-01;15884
"323";"3. RECEITA LÍQUIDA  (1-2)";1999-08-01;15291
"324";"3. RECEITA LÍQUIDA  (1-2)";1999-09-01;15802
"325";"3. RECEITA LÍQUIDA  (1-2)";1999-10-01;13798
"326";"3. RECEITA LÍQUIDA  (1-2)";1999-11-01;14505
"327";"3. RECEITA LÍQUIDA  (1-2)";1999-12-01;20122
"328";"3. RECEITA LÍQUIDA  (1-2)";2000-01-01;15244
"329";"3. RECEITA LÍQUIDA  (1-2)";2000-02-01;14093
"330";"3. RECEITA LÍQUIDA  (1-2)";2000-03-01;16872
"331";"3. RECEITA LÍQUIDA  (1-2)";2000-04-01;15837
"332";"3. RECEITA LÍQUIDA  (1-2)";2000-05-01;15977
"333";"3. RECEITA LÍQUIDA  (1-2)";2000-06-01;15504
"334";"3. RECEITA LÍQUIDA  (1-2)";2000-07-01;15558
"335";"3. RECEITA LÍQUIDA  (1-2)";2000-08-01;17881
"336";"3. RECEITA LÍQUIDA  (1-2)";2000-09-01;15891
"337";"3. RECEITA LÍQUIDA  (1-2)";2000-10-01;17027
"338";"3. RECEITA LÍQUIDA  (1-2)";2000-11-01;16536
"339";"3. RECEITA LÍQUIDA  (1-2)";2000-12-01;21934
"340";"3. RECEITA LÍQUIDA  (1-2)";2001-01-01;18388
"341";"3. RECEITA LÍQUIDA  (1-2)";2001-02-01;14779
"342";"3. RECEITA LÍQUIDA  (1-2)";2001-03-01;18454
"343";"3. RECEITA LÍQUIDA  (1-2)";2001-04-01;21070
"344";"3. RECEITA LÍQUIDA  (1-2)";2001-05-01;19282
"345";"3. RECEITA LÍQUIDA  (1-2)";2001-06-01;17317
"346";"3. RECEITA LÍQUIDA  (1-2)";2001-07-01;18605
"347";"3. RECEITA LÍQUIDA  (1-2)";2001-08-01;19091
"348";"3. RECEITA LÍQUIDA  (1-2)";2001-09-01;17482
"349";"3. RECEITA LÍQUIDA  (1-2)";2001-10-01;20107
"350";"3. RECEITA LÍQUIDA  (1-2)";2001-11-01;18187
"351";"3. RECEITA LÍQUIDA  (1-2)";2001-12-01;24618
"352";"3. RECEITA LÍQUIDA  (1-2)";2002-01-01;24480
"353";"3. RECEITA LÍQUIDA  (1-2)";2002-02-01;18870
"354";"3. RECEITA LÍQUIDA  (1-2)";2002-03-01;19303
"355";"3. RECEITA LÍQUIDA  (1-2)";2002-04-01;22681
"356";"3. RECEITA LÍQUIDA  (1-2)";2002-05-01;19736
"357";"3. RECEITA LÍQUIDA  (1-2)";2002-06-01;18929
"358";"3. RECEITA LÍQUIDA  (1-2)";2002-07-01;23150
"359";"3. RECEITA LÍQUIDA  (1-2)";2002-08-01;20106
"360";"3. RECEITA LÍQUIDA  (1-2)";2002-09-01;24846
"361";"3. RECEITA LÍQUIDA  (1-2)";2002-10-01;24847
"362";"3. RECEITA LÍQUIDA  (1-2)";2002-11-01;21685
"363";"3. RECEITA LÍQUIDA  (1-2)";2002-12-01;29405
"364";"3. RECEITA LÍQUIDA  (1-2)";2003-01-01;27170
"365";"3. RECEITA LÍQUIDA  (1-2)";2003-02-01;21998
"366";"3. RECEITA LÍQUIDA  (1-2)";2003-03-01;21584
"367";"3. RECEITA LÍQUIDA  (1-2)";2003-04-01;27667
"368";"3. RECEITA LÍQUIDA  (1-2)";2003-05-01;22941
"369";"3. RECEITA LÍQUIDA  (1-2)";2003-06-01;20974
"370";"3. RECEITA LÍQUIDA  (1-2)";2003-07-01;25722
"371";"3. RECEITA LÍQUIDA  (1-2)";2003-08-01;23250
"372";"3. RECEITA LÍQUIDA  (1-2)";2003-09-01;23930
"373";"3. RECEITA LÍQUIDA  (1-2)";2003-10-01;27399
"374";"3. RECEITA LÍQUIDA  (1-2)";2003-11-01;24439
"375";"3. RECEITA LÍQUIDA  (1-2)";2003-12-01;32128
"376";"3. RECEITA LÍQUIDA  (1-2)";2004-01-01;29363
"377";"3. RECEITA LÍQUIDA  (1-2)";2004-02-01;25385
"378";"3. RECEITA LÍQUIDA  (1-2)";2004-03-01;28157
"379";"3. RECEITA LÍQUIDA  (1-2)";2004-04-01;29614
"380";"3. RECEITA LÍQUIDA  (1-2)";2004-05-01;26330
"381";"3. RECEITA LÍQUIDA  (1-2)";2004-06-01;29416
"382";"3. RECEITA LÍQUIDA  (1-2)";2004-07-01;30262
"383";"3. RECEITA LÍQUIDA  (1-2)";2004-08-01;27705
"384";"3. RECEITA LÍQUIDA  (1-2)";2004-09-01;29545
"385";"3. RECEITA LÍQUIDA  (1-2)";2004-10-01;30352
"386";"3. RECEITA LÍQUIDA  (1-2)";2004-11-01;27402
"387";"3. RECEITA LÍQUIDA  (1-2)";2004-12-01;41422
"388";"3. RECEITA LÍQUIDA  (1-2)";2005-01-01;34212
"389";"3. RECEITA LÍQUIDA  (1-2)";2005-02-01;28715
"390";"3. RECEITA LÍQUIDA  (1-2)";2005-03-01;32350
"391";"3. RECEITA LÍQUIDA  (1-2)";2005-04-01;36486
"392";"3. RECEITA LÍQUIDA  (1-2)";2005-05-01;29201
"393";"3. RECEITA LÍQUIDA  (1-2)";2005-06-01;34204
"394";"3. RECEITA LÍQUIDA  (1-2)";2005-07-01;33965
"395";"3. RECEITA LÍQUIDA  (1-2)";2005-08-01;32726
"396";"3. RECEITA LÍQUIDA  (1-2)";2005-09-01;31487
"397";"3. RECEITA LÍQUIDA  (1-2)";2005-10-01;35271
"398";"3. RECEITA LÍQUIDA  (1-2)";2005-11-01;31765
"399";"3. RECEITA LÍQUIDA  (1-2)";2005-12-01;47216
"400";"3. RECEITA LÍQUIDA  (1-2)";2006-01-01;37124
"401";"3. RECEITA LÍQUIDA  (1-2)";2006-02-01;31207
"402";"3. RECEITA LÍQUIDA  (1-2)";2006-03-01;34934
"403";"3. RECEITA LÍQUIDA  (1-2)";2006-04-01;41602
"404";"3. RECEITA LÍQUIDA  (1-2)";2006-05-01;33465
"405";"3. RECEITA LÍQUIDA  (1-2)";2006-06-01;37252
"406";"3. RECEITA LÍQUIDA  (1-2)";2006-07-01;37479
"407";"3. RECEITA LÍQUIDA  (1-2)";2006-08-01;37555
"408";"3. RECEITA LÍQUIDA  (1-2)";2006-09-01;37960
"409";"3. RECEITA LÍQUIDA  (1-2)";2006-10-01;40377
"410";"3. RECEITA LÍQUIDA  (1-2)";2006-11-01;34288
"411";"3. RECEITA LÍQUIDA  (1-2)";2006-12-01;49244
"412";"3. RECEITA LÍQUIDA  (1-2)";2007-01-01;43776
"413";"3. RECEITA LÍQUIDA  (1-2)";2007-02-01;34135
"414";"3. RECEITA LÍQUIDA  (1-2)";2007-03-01;41076
"415";"3. RECEITA LÍQUIDA  (1-2)";2007-04-01;46343
"416";"3. RECEITA LÍQUIDA  (1-2)";2007-05-01;38864
"417";"3. RECEITA LÍQUIDA  (1-2)";2007-06-01;40773
"418";"3. RECEITA LÍQUIDA  (1-2)";2007-07-01;43418
"419";"3. RECEITA LÍQUIDA  (1-2)";2007-08-01;40509
"420";"3. RECEITA LÍQUIDA  (1-2)";2007-09-01;41675
"421";"3. RECEITA LÍQUIDA  (1-2)";2007-10-01;46721
"422";"3. RECEITA LÍQUIDA  (1-2)";2007-11-01;43325
"423";"3. RECEITA LÍQUIDA  (1-2)";2007-12-01;55821
"424";"3. RECEITA LÍQUIDA  (1-2)";2008-01-01;54297
"425";"3. RECEITA LÍQUIDA  (1-2)";2008-02-01;38799
"426";"3. RECEITA LÍQUIDA  (1-2)";2008-03-01;46125
"427";"3. RECEITA LÍQUIDA  (1-2)";2008-04-01;53108
"428";"3. RECEITA LÍQUIDA  (1-2)";2008-05-01;43140
"429";"3. RECEITA LÍQUIDA  (1-2)";2008-06-01;46908
"430";"3. RECEITA LÍQUIDA  (1-2)";2008-07-01;53820
"431";"3. RECEITA LÍQUIDA  (1-2)";2008-08-01;46439
"432";"3. RECEITA LÍQUIDA  (1-2)";2008-09-01;50714
"433";"3. RECEITA LÍQUIDA  (1-2)";2008-10-01;56449
"434";"3. RECEITA LÍQUIDA  (1-2)";2008-11-01;42445
"435";"3. RECEITA LÍQUIDA  (1-2)";2008-12-01;56013
"436";"3. RECEITA LÍQUIDA  (1-2)";2009-01-01;52173
"437";"3. RECEITA LÍQUIDA  (1-2)";2009-02-01;37480
"438";"3. RECEITA LÍQUIDA  (1-2)";2009-03-01;47930
"439";"3. RECEITA LÍQUIDA  (1-2)";2009-04-01;53657
"440";"3. RECEITA LÍQUIDA  (1-2)";2009-05-01;44679
"441";"3. RECEITA LÍQUIDA  (1-2)";2009-06-01;45545
"442";"3. RECEITA LÍQUIDA  (1-2)";2009-07-01;52512
"443";"3. RECEITA LÍQUIDA  (1-2)";2009-08-01;51110
"444";"3. RECEITA LÍQUIDA  (1-2)";2009-09-01;45529
"445";"3. RECEITA LÍQUIDA  (1-2)";2009-10-01;59814
"446";"3. RECEITA LÍQUIDA  (1-2)";2009-11-01;62084
"447";"3. RECEITA LÍQUIDA  (1-2)";2009-12-01;65932
"448";"3. RECEITA LÍQUIDA  (1-2)";2010-01-01;64098
"449";"3. RECEITA LÍQUIDA  (1-2)";2010-02-01;44387
"450";"3. RECEITA LÍQUIDA  (1-2)";2010-03-01;53821
"451";"3. RECEITA LÍQUIDA  (1-2)";2010-04-01;67988
"452";"3. RECEITA LÍQUIDA  (1-2)";2010-05-01;52127
"453";"3. RECEITA LÍQUIDA  (1-2)";2010-06-01;50749
"454";"3. RECEITA LÍQUIDA  (1-2)";2010-07-01;59876
"455";"3. RECEITA LÍQUIDA  (1-2)";2010-08-01;58059
"456";"3. RECEITA LÍQUIDA  (1-2)";2010-09-01;130105
"457";"3. RECEITA LÍQUIDA  (1-2)";2010-10-01;63650
"458";"3. RECEITA LÍQUIDA  (1-2)";2010-11-01;58692
"459";"3. RECEITA LÍQUIDA  (1-2)";2010-12-01;81609
"460";"3. RECEITA LÍQUIDA  (1-2)";2011-01-01;77044
"461";"3. RECEITA LÍQUIDA  (1-2)";2011-02-01;50804
"462";"3. RECEITA LÍQUIDA  (1-2)";2011-03-01;63155
"463";"3. RECEITA LÍQUIDA  (1-2)";2011-04-01;76151
"464";"3. RECEITA LÍQUIDA  (1-2)";2011-05-01;59406
"465";"3. RECEITA LÍQUIDA  (1-2)";2011-06-01;70342
"466";"3. RECEITA LÍQUIDA  (1-2)";2011-07-01;78086
"467";"3. RECEITA LÍQUIDA  (1-2)";2011-08-01;61070
"468";"3. RECEITA LÍQUIDA  (1-2)";2011-09-01;68534
"469";"3. RECEITA LÍQUIDA  (1-2)";2011-10-01;73261
"470";"3. RECEITA LÍQUIDA  (1-2)";2011-11-01;64853
"471";"3. RECEITA LÍQUIDA  (1-2)";2011-12-01;82529
"472";"3. RECEITA LÍQUIDA  (1-2)";2012-01-01;88210
"473";"3. RECEITA LÍQUIDA  (1-2)";2012-02-01;59220
"474";"3. RECEITA LÍQUIDA  (1-2)";2012-03-01;71155
"475";"3. RECEITA LÍQUIDA  (1-2)";2012-04-01;82266
"476";"3. RECEITA LÍQUIDA  (1-2)";2012-05-01;63803
"477";"3. RECEITA LÍQUIDA  (1-2)";2012-06-01;66106
"478";"3. RECEITA LÍQUIDA  (1-2)";2012-07-01;77154
"479";"3. RECEITA LÍQUIDA  (1-2)";2012-08-01;67870
"480";"3. RECEITA LÍQUIDA  (1-2)";2012-09-01;70879
"481";"3. RECEITA LÍQUIDA  (1-2)";2012-10-01;79221
"482";"3. RECEITA LÍQUIDA  (1-2)";2012-11-01;67000
"483";"3. RECEITA LÍQUIDA  (1-2)";2012-12-01;108009
"484";"3. RECEITA LÍQUIDA  (1-2)";2013-01-01;102452
"485";"3. RECEITA LÍQUIDA  (1-2)";2013-02-01;54448
"486";"3. RECEITA LÍQUIDA  (1-2)";2013-03-01;67857
"487";"3. RECEITA LÍQUIDA  (1-2)";2013-04-01;91776
"488";"3. RECEITA LÍQUIDA  (1-2)";2013-05-01;73512
"489";"3. RECEITA LÍQUIDA  (1-2)";2013-06-01;75629
"490";"3. RECEITA LÍQUIDA  (1-2)";2013-07-01;86080
"491";"3. RECEITA LÍQUIDA  (1-2)";2013-08-01;73373
"492";"3. RECEITA LÍQUIDA  (1-2)";2013-09-01;74709
"493";"3. RECEITA LÍQUIDA  (1-2)";2013-10-01;87737
"494";"3. RECEITA LÍQUIDA  (1-2)";2013-11-01;108469
"495";"3. RECEITA LÍQUIDA  (1-2)";2013-12-01;101046
"496";"3. RECEITA LÍQUIDA  (1-2)";2014-01-01;105188
"497";"3. RECEITA LÍQUIDA  (1-2)";2014-02-01;66555
"498";"3. RECEITA LÍQUIDA  (1-2)";2014-03-01;80204
"499";"3. RECEITA LÍQUIDA  (1-2)";2014-04-01;97592
"500";"3. RECEITA LÍQUIDA  (1-2)";2014-05-01;70442
"501";"3. RECEITA LÍQUIDA  (1-2)";2014-06-01;78499
"502";"3. RECEITA LÍQUIDA  (1-2)";2014-07-01;88463
"503";"3. RECEITA LÍQUIDA  (1-2)";2014-08-01;82830
"504";"3. RECEITA LÍQUIDA  (1-2)";2014-09-01;78000
"505";"3. RECEITA LÍQUIDA  (1-2)";2014-10-01;91813
"506";"3. RECEITA LÍQUIDA  (1-2)";2014-11-01;84068
"507";"3. RECEITA LÍQUIDA  (1-2)";2014-12-01;99359
"508";"3. RECEITA LÍQUIDA  (1-2)";2015-01-01;105387
"509";"3. RECEITA LÍQUIDA  (1-2)";2015-02-01;70171
"510";"3. RECEITA LÍQUIDA  (1-2)";2015-03-01;82793
"511";"3. RECEITA LÍQUIDA  (1-2)";2015-04-01;101811
"512";"3. RECEITA LÍQUIDA  (1-2)";2015-05-01;77427
"513";"3. RECEITA LÍQUIDA  (1-2)";2015-06-01;81249
"514";"3. RECEITA LÍQUIDA  (1-2)";2015-07-01;91169
"515";"3. RECEITA LÍQUIDA  (1-2)";2015-08-01;79200
"516";"3. RECEITA LÍQUIDA  (1-2)";2015-09-01;82694
"517";"3. RECEITA LÍQUIDA  (1-2)";2015-10-01;87867
"518";"3. RECEITA LÍQUIDA  (1-2)";2015-11-01;75039
"519";"3. RECEITA LÍQUIDA  (1-2)";2015-12-01;109156
"520";"3. RECEITA LÍQUIDA  (1-2)";2016-01-01;124030
"521";"3. RECEITA LÍQUIDA  (1-2)";2016-02-01;67461
"522";"3. RECEITA LÍQUIDA  (1-2)";2016-03-01;84821
"523";"3. RECEITA LÍQUIDA  (1-2)";2016-04-01;103683
"524";"3. RECEITA LÍQUIDA  (1-2)";2016-05-01;76289
"525";"3. RECEITA LÍQUIDA  (1-2)";2016-06-01;83752
"526";"3. RECEITA LÍQUIDA  (1-2)";2016-07-01;91816
"527";"3. RECEITA LÍQUIDA  (1-2)";2016-08-01;75023
"528";"3. RECEITA LÍQUIDA  (1-2)";2016-09-01;80763
"529";"3. RECEITA LÍQUIDA  (1-2)";2016-10-01;132023
"530";"3. RECEITA LÍQUIDA  (1-2)";2016-11-01;74538
"531";"3. RECEITA LÍQUIDA  (1-2)";2016-12-01;93918
"532";"3. RECEITA LÍQUIDA  (1-2)";2017-01-01;118792
"533";"3. RECEITA LÍQUIDA  (1-2)";2017-02-01;69000
"534";"3. RECEITA LÍQUIDA  (1-2)";2017-03-01;87502
"535";"3. RECEITA LÍQUIDA  (1-2)";2017-04-01;108028
"536";"3. RECEITA LÍQUIDA  (1-2)";2017-05-01;77726
"537";"3. RECEITA LÍQUIDA  (1-2)";2017-06-01;86638
"538";"3. RECEITA LÍQUIDA  (1-2)";2017-07-01;89118
"539";"3. RECEITA LÍQUIDA  (1-2)";2017-08-01;91562
"540";"3. RECEITA LÍQUIDA  (1-2)";2017-09-01;89717
"541";"3. RECEITA LÍQUIDA  (1-2)";2017-10-01;103225
"542";"3. RECEITA LÍQUIDA  (1-2)";2017-11-01;106620
"543";"3. RECEITA LÍQUIDA  (1-2)";2017-12-01;126818
"544";"3. RECEITA LÍQUIDA  (1-2)";2018-01-01;136200
"545";"3. RECEITA LÍQUIDA  (1-2)";2018-02-01;78262
"546";"3. RECEITA LÍQUIDA  (1-2)";2018-03-01;89628
"547";"3. RECEITA LÍQUIDA  (1-2)";2018-04-01;120738
"548";"3. RECEITA LÍQUIDA  (1-2)";2018-05-01;91278
"549";"3. RECEITA LÍQUIDA  (1-2)";2018-06-01;88915
"550";"3. RECEITA LÍQUIDA  (1-2)";2018-07-01;106473
"551";"3. RECEITA LÍQUIDA  (1-2)";2018-08-01;92561
"552";"3. RECEITA LÍQUIDA  (1-2)";2018-09-01;96608
"553";"3. RECEITA LÍQUIDA  (1-2)";2018-10-01;114825
"554";"3. RECEITA LÍQUIDA  (1-2)";2018-11-01;99372
"555";"3. RECEITA LÍQUIDA  (1-2)";2018-12-01;116676
"556";"3. RECEITA LÍQUIDA  (1-2)";2019-01-01;136843
"557";"3. RECEITA LÍQUIDA  (1-2)";2019-02-01;85373
"558";"3. RECEITA LÍQUIDA  (1-2)";2019-03-01;94415
"559";"3. RECEITA LÍQUIDA  (1-2)";2019-04-01;124700
"560";"3. RECEITA LÍQUIDA  (1-2)";2019-05-01;90777
"561";"3. RECEITA LÍQUIDA  (1-2)";2019-06-01;92467
"562";"3. RECEITA LÍQUIDA  (1-2)";2019-07-01;114240
"563";"3. RECEITA LÍQUIDA  (1-2)";2019-08-01;94199
"564";"3. RECEITA LÍQUIDA  (1-2)";2019-09-01;102976
"565";"3. RECEITA LÍQUIDA  (1-2)";2019-10-01;116646
"566";"3. RECEITA LÍQUIDA  (1-2)";2019-11-01;101851
"567";"3. RECEITA LÍQUIDA  (1-2)";2019-12-01;192293
"568";"3. RECEITA LÍQUIDA  (1-2)";2020-01-01;151699
"569";"3. RECEITA LÍQUIDA  (1-2)";2020-02-01;82397
"570";"3. RECEITA LÍQUIDA  (1-2)";2020-03-01;91757
"571";"3. RECEITA LÍQUIDA  (1-2)";2020-04-01;82077
"572";"3. RECEITA LÍQUIDA  (1-2)";2020-05-01;54005
"573";"3. RECEITA LÍQUIDA  (1-2)";2020-06-01;64969
"574";"3. RECEITA LÍQUIDA  (1-2)";2020-07-01;90251
"575";"3. RECEITA LÍQUIDA  (1-2)";2020-08-01;102127
"576";"3. RECEITA LÍQUIDA  (1-2)";2020-09-01;106621
"577";"3. RECEITA LÍQUIDA  (1-2)";2020-10-01;133243
"578";"3. RECEITA LÍQUIDA  (1-2)";2020-11-01;113160
"579";"3. RECEITA LÍQUIDA  (1-2)";2020-12-01;131655
"580";"3. RECEITA LÍQUIDA  (1-2)";2021-01-01;155647
"581";"3. RECEITA LÍQUIDA  (1-2)";2021-02-01;95274
"582";"3. RECEITA LÍQUIDA  (1-2)";2021-03-01;118132
"583";"4. DESPESA TOTAL 2/";1997-01-01;10767
"584";"4. DESPESA TOTAL 2/";1997-02-01;9016
"585";"4. DESPESA TOTAL 2/";1997-03-01;9674
"586";"4. DESPESA TOTAL 2/";1997-04-01;9700
"587";"4. DESPESA TOTAL 2/";1997-05-01;10114
"588";"4. DESPESA TOTAL 2/";1997-06-01;10034
"589";"4. DESPESA TOTAL 2/";1997-07-01;11525
"590";"4. DESPESA TOTAL 2/";1997-08-01;9909
"591";"4. DESPESA TOTAL 2/";1997-09-01;11510
"592";"4. DESPESA TOTAL 2/";1997-10-01;12272
"593";"4. DESPESA TOTAL 2/";1997-11-01;10506
"594";"4. DESPESA TOTAL 2/";1997-12-01;17941
"595";"4. DESPESA TOTAL 2/";1998-01-01;12127
"596";"4. DESPESA TOTAL 2/";1998-02-01;11088
"597";"4. DESPESA TOTAL 2/";1998-03-01;12760
"598";"4. DESPESA TOTAL 2/";1998-04-01;11334
"599";"4. DESPESA TOTAL 2/";1998-05-01;11172
"600";"4. DESPESA TOTAL 2/";1998-06-01;12517
"601";"4. DESPESA TOTAL 2/";1998-07-01;11769
"602";"4. DESPESA TOTAL 2/";1998-08-01;12266
"603";"4. DESPESA TOTAL 2/";1998-09-01;11880
"604";"4. DESPESA TOTAL 2/";1998-10-01;12582
"605";"4. DESPESA TOTAL 2/";1998-11-01;13617
"606";"4. DESPESA TOTAL 2/";1998-12-01;15673
"607";"4. DESPESA TOTAL 2/";1999-01-01;11372
"608";"4. DESPESA TOTAL 2/";1999-02-01;11837
"609";"4. DESPESA TOTAL 2/";1999-03-01;12300
"610";"4. DESPESA TOTAL 2/";1999-04-01;11186
"611";"4. DESPESA TOTAL 2/";1999-05-01;12321
"612";"4. DESPESA TOTAL 2/";1999-06-01;11916
"613";"4. DESPESA TOTAL 2/";1999-07-01;13726
"614";"4. DESPESA TOTAL 2/";1999-08-01;12647
"615";"4. DESPESA TOTAL 2/";1999-09-01;12284
"616";"4. DESPESA TOTAL 2/";1999-10-01;13293
"617";"4. DESPESA TOTAL 2/";1999-11-01;13719
"618";"4. DESPESA TOTAL 2/";1999-12-01;22078
"619";"4. DESPESA TOTAL 2/";2000-01-01;13764
"620";"4. DESPESA TOTAL 2/";2000-02-01;12616
"621";"4. DESPESA TOTAL 2/";2000-03-01;12858
"622";"4. DESPESA TOTAL 2/";2000-04-01;11900
"623";"4. DESPESA TOTAL 2/";2000-05-01;13095
"624";"4. DESPESA TOTAL 2/";2000-06-01;13863
"625";"4. DESPESA TOTAL 2/";2000-07-01;15202
"626";"4. DESPESA TOTAL 2/";2000-08-01;14609
"627";"4. DESPESA TOTAL 2/";2000-09-01;14298
"628";"4. DESPESA TOTAL 2/";2000-10-01;16002
"629";"4. DESPESA TOTAL 2/";2000-11-01;15245
"630";"4. DESPESA TOTAL 2/";2000-12-01;23920
"631";"4. DESPESA TOTAL 2/";2001-01-01;15832
"632";"4. DESPESA TOTAL 2/";2001-02-01;14210
"633";"4. DESPESA TOTAL 2/";2001-03-01;14871
"634";"4. DESPESA TOTAL 2/";2001-04-01;14566
"635";"4. DESPESA TOTAL 2/";2001-05-01;15783
"636";"4. DESPESA TOTAL 2/";2001-06-01;15753
"637";"4. DESPESA TOTAL 2/";2001-07-01;17417
"638";"4. DESPESA TOTAL 2/";2001-08-01;16702
"639";"4. DESPESA TOTAL 2/";2001-09-01;15921
"640";"4. DESPESA TOTAL 2/";2001-10-01;17726
"641";"4. DESPESA TOTAL 2/";2001-11-01;17402
"642";"4. DESPESA TOTAL 2/";2001-12-01;29461
"643";"4. DESPESA TOTAL 2/";2002-01-01;18450
"644";"4. DESPESA TOTAL 2/";2002-02-01;16344
"645";"4. DESPESA TOTAL 2/";2002-03-01;17298
"646";"4. DESPESA TOTAL 2/";2002-04-01;16955
"647";"4. DESPESA TOTAL 2/";2002-05-01;17905
"648";"4. DESPESA TOTAL 2/";2002-06-01;17157
"649";"4. DESPESA TOTAL 2/";2002-07-01;21369
"650";"4. DESPESA TOTAL 2/";2002-08-01;18782
"651";"4. DESPESA TOTAL 2/";2002-09-01;17890
"652";"4. DESPESA TOTAL 2/";2002-10-01;21050
"653";"4. DESPESA TOTAL 2/";2002-11-01;20658
"654";"4. DESPESA TOTAL 2/";2002-12-01;32604
"655";"4. DESPESA TOTAL 2/";2003-01-01;19999
"656";"4. DESPESA TOTAL 2/";2003-02-01;18165
"657";"4. DESPESA TOTAL 2/";2003-03-01;17457
"658";"4. DESPESA TOTAL 2/";2003-04-01;17995
"659";"4. DESPESA TOTAL 2/";2003-05-01;19217
"660";"4. DESPESA TOTAL 2/";2003-06-01;20213
"661";"4. DESPESA TOTAL 2/";2003-07-01;22914
"662";"4. DESPESA TOTAL 2/";2003-08-01;20762
"663";"4. DESPESA TOTAL 2/";2003-09-01;20166
"664";"4. DESPESA TOTAL 2/";2003-10-01;23071
"665";"4. DESPESA TOTAL 2/";2003-11-01;22077
"666";"4. DESPESA TOTAL 2/";2003-12-01;38086
"667";"4. DESPESA TOTAL 2/";2004-01-01;22120
"668";"4. DESPESA TOTAL 2/";2004-02-01;21102
"669";"4. DESPESA TOTAL 2/";2004-03-01;22412
"670";"4. DESPESA TOTAL 2/";2004-04-01;22486
"671";"4. DESPESA TOTAL 2/";2004-05-01;22559
"672";"4. DESPESA TOTAL 2/";2004-06-01;23756
"673";"4. DESPESA TOTAL 2/";2004-07-01;26640
"674";"4. DESPESA TOTAL 2/";2004-08-01;24245
"675";"4. DESPESA TOTAL 2/";2004-09-01;24839
"676";"4. DESPESA TOTAL 2/";2004-10-01;25610
"677";"4. DESPESA TOTAL 2/";2004-11-01;25645
"678";"4. DESPESA TOTAL 2/";2004-12-01;44198
"679";"4. DESPESA TOTAL 2/";2005-01-01;25834
"680";"4. DESPESA TOTAL 2/";2005-02-01;26699
"681";"4. DESPESA TOTAL 2/";2005-03-01;25777
"682";"4. DESPESA TOTAL 2/";2005-04-01;23773
"683";"4. DESPESA TOTAL 2/";2005-05-01;26422
"684";"4. DESPESA TOTAL 2/";2005-06-01;28437
"685";"4. DESPESA TOTAL 2/";2005-07-01;29208
"686";"4. DESPESA TOTAL 2/";2005-08-01;28945
"687";"4. DESPESA TOTAL 2/";2005-09-01;28700
"688";"4. DESPESA TOTAL 2/";2005-10-01;29417
"689";"4. DESPESA TOTAL 2/";2005-11-01;30487
"690";"4. DESPESA TOTAL 2/";2005-12-01;51225
"691";"4. DESPESA TOTAL 2/";2006-01-01;33069
"692";"4. DESPESA TOTAL 2/";2006-02-01;27599
"693";"4. DESPESA TOTAL 2/";2006-03-01;27644
"694";"4. DESPESA TOTAL 2/";2006-04-01;26916
"695";"4. DESPESA TOTAL 2/";2006-05-01;30803
"696";"4. DESPESA TOTAL 2/";2006-06-01;31202
"697";"4. DESPESA TOTAL 2/";2006-07-01;34452
"698";"4. DESPESA TOTAL 2/";2006-08-01;31284
"699";"4. DESPESA TOTAL 2/";2006-09-01;37585
"700";"4. DESPESA TOTAL 2/";2006-10-01;33526
"701";"4. DESPESA TOTAL 2/";2006-11-01;34625
"702";"4. DESPESA TOTAL 2/";2006-12-01;55035
"703";"4. DESPESA TOTAL 2/";2007-01-01;32220
"704";"4. DESPESA TOTAL 2/";2007-02-01;30635
"705";"4. DESPESA TOTAL 2/";2007-03-01;37211
"706";"4. DESPESA TOTAL 2/";2007-04-01;32248
"707";"4. DESPESA TOTAL 2/";2007-05-01;34622
"708";"4. DESPESA TOTAL 2/";2007-06-01;35574
"709";"4. DESPESA TOTAL 2/";2007-07-01;38255
"710";"4. DESPESA TOTAL 2/";2007-08-01;36845
"711";"4. DESPESA TOTAL 2/";2007-09-01;41636
"712";"4. DESPESA TOTAL 2/";2007-10-01;36843
"713";"4. DESPESA TOTAL 2/";2007-11-01;38821
"714";"4. DESPESA TOTAL 2/";2007-12-01;63873
"715";"4. DESPESA TOTAL 2/";2008-01-01;38935
"716";"4. DESPESA TOTAL 2/";2008-02-01;33581
"717";"4. DESPESA TOTAL 2/";2008-03-01;35518
"718";"4. DESPESA TOTAL 2/";2008-04-01;36388
"719";"4. DESPESA TOTAL 2/";2008-05-01;37590
"720";"4. DESPESA TOTAL 2/";2008-06-01;38988
"721";"4. DESPESA TOTAL 2/";2008-07-01;46615
"722";"4. DESPESA TOTAL 2/";2008-08-01;40172
"723";"4. DESPESA TOTAL 2/";2008-09-01;44580
"724";"4. DESPESA TOTAL 2/";2008-10-01;41581
"725";"4. DESPESA TOTAL 2/";2008-11-01;46864
"726";"4. DESPESA TOTAL 2/";2008-12-01;76007
"727";"4. DESPESA TOTAL 2/";2009-01-01;48195
"728";"4. DESPESA TOTAL 2/";2009-02-01;38592
"729";"4. DESPESA TOTAL 2/";2009-03-01;41304
"730";"4. DESPESA TOTAL 2/";2009-04-01;43626
"731";"4. DESPESA TOTAL 2/";2009-05-01;45046
"732";"4. DESPESA TOTAL 2/";2009-06-01;46163
"733";"4. DESPESA TOTAL 2/";2009-07-01;51003
"734";"4. DESPESA TOTAL 2/";2009-08-01;47727
"735";"4. DESPESA TOTAL 2/";2009-09-01;53343
"736";"4. DESPESA TOTAL 2/";2009-10-01;48579
"737";"4. DESPESA TOTAL 2/";2009-11-01;51421
"738";"4. DESPESA TOTAL 2/";2009-12-01;64011
"739";"4. DESPESA TOTAL 2/";2010-01-01;50289
"740";"4. DESPESA TOTAL 2/";2010-02-01;45568
"741";"4. DESPESA TOTAL 2/";2010-03-01;58387
"742";"4. DESPESA TOTAL 2/";2010-04-01;51507
"743";"4. DESPESA TOTAL 2/";2010-05-01;52710
"744";"4. DESPESA TOTAL 2/";2010-06-01;50134
"745";"4. DESPESA TOTAL 2/";2010-07-01;59150
"746";"4. DESPESA TOTAL 2/";2010-08-01;54196
"747";"4. DESPESA TOTAL 2/";2010-09-01;104159
"748";"4. DESPESA TOTAL 2/";2010-10-01;55932
"749";"4. DESPESA TOTAL 2/";2010-11-01;57807
"750";"4. DESPESA TOTAL 2/";2010-12-01;67430
"751";"4. DESPESA TOTAL 2/";2011-01-01;62970
"752";"4. DESPESA TOTAL 2/";2011-02-01;48277
"753";"4. DESPESA TOTAL 2/";2011-03-01;54267
"754";"4. DESPESA TOTAL 2/";2011-04-01;60660
"755";"4. DESPESA TOTAL 2/";2011-05-01;55364
"756";"4. DESPESA TOTAL 2/";2011-06-01;59935
"757";"4. DESPESA TOTAL 2/";2011-07-01;66982
"758";"4. DESPESA TOTAL 2/";2011-08-01;58532
"759";"4. DESPESA TOTAL 2/";2011-09-01;63234
"760";"4. DESPESA TOTAL 2/";2011-10-01;61855
"761";"4. DESPESA TOTAL 2/";2011-11-01;60223
"762";"4. DESPESA TOTAL 2/";2011-12-01;81045
"763";"4. DESPESA TOTAL 2/";2012-01-01;67588
"764";"4. DESPESA TOTAL 2/";2012-02-01;53847
"765";"4. DESPESA TOTAL 2/";2012-03-01;63748
"766";"4. DESPESA TOTAL 2/";2012-04-01;71425
"767";"4. DESPESA TOTAL 2/";2012-05-01;62328
"768";"4. DESPESA TOTAL 2/";2012-06-01;65410
"769";"4. DESPESA TOTAL 2/";2012-07-01;73385
"770";"4. DESPESA TOTAL 2/";2012-08-01;66485
"771";"4. DESPESA TOTAL 2/";2012-09-01;69812
"772";"4. DESPESA TOTAL 2/";2012-10-01;69800
"773";"4. DESPESA TOTAL 2/";2012-11-01;71803
"774";"4. DESPESA TOTAL 2/";2012-12-01;80276
"775";"4. DESPESA TOTAL 2/";2013-01-01;76330
"776";"4. DESPESA TOTAL 2/";2013-02-01;61132
"777";"4. DESPESA TOTAL 2/";2013-03-01;68277
"778";"4. DESPESA TOTAL 2/";2013-04-01;85084
"779";"4. DESPESA TOTAL 2/";2013-05-01;67954
"780";"4. DESPESA TOTAL 2/";2013-06-01;74815
"781";"4. DESPESA TOTAL 2/";2013-07-01;82662
"782";"4. DESPESA TOTAL 2/";2013-08-01;73709
"783";"4. DESPESA TOTAL 2/";2013-09-01;85389
"784";"4. DESPESA TOTAL 2/";2013-10-01;82809
"785";"4. DESPESA TOTAL 2/";2013-11-01;80120
"786";"4. DESPESA TOTAL 2/";2013-12-01;86649
"787";"4. DESPESA TOTAL 2/";2014-01-01;92948
"788";"4. DESPESA TOTAL 2/";2014-02-01;69870
"789";"4. DESPESA TOTAL 2/";2014-03-01;77280
"790";"4. DESPESA TOTAL 2/";2014-04-01;81434
"791";"4. DESPESA TOTAL 2/";2014-05-01;81923
"792";"4. DESPESA TOTAL 2/";2014-06-01;81181
"793";"4. DESPESA TOTAL 2/";2014-07-01;91087
"794";"4. DESPESA TOTAL 2/";2014-08-01;93477
"795";"4. DESPESA TOTAL 2/";2014-09-01;98838
"796";"4. DESPESA TOTAL 2/";2014-10-01;88791
"797";"4. DESPESA TOTAL 2/";2014-11-01;91260
"798";"4. DESPESA TOTAL 2/";2014-12-01;98406
"799";"4. DESPESA TOTAL 2/";2015-01-01;95398
"800";"4. DESPESA TOTAL 2/";2015-02-01;77601
"801";"4. DESPESA TOTAL 2/";2015-03-01;81672
"802";"4. DESPESA TOTAL 2/";2015-04-01;91909
"803";"4. DESPESA TOTAL 2/";2015-05-01;85980
"804";"4. DESPESA TOTAL 2/";2015-06-01;90189
"805";"4. DESPESA TOTAL 2/";2015-07-01;98931
"806";"4. DESPESA TOTAL 2/";2015-08-01;84906
"807";"4. DESPESA TOTAL 2/";2015-09-01;89876
"808";"4. DESPESA TOTAL 2/";2015-10-01;101057
"809";"4. DESPESA TOTAL 2/";2015-11-01;96320
"810";"4. DESPESA TOTAL 2/";2015-12-01;170623
"811";"4. DESPESA TOTAL 2/";2016-01-01;109341
"812";"4. DESPESA TOTAL 2/";2016-02-01;92872
"813";"4. DESPESA TOTAL 2/";2016-03-01;92651
"814";"4. DESPESA TOTAL 2/";2016-04-01;94866
"815";"4. DESPESA TOTAL 2/";2016-05-01;93276
"816";"4. DESPESA TOTAL 2/";2016-06-01;93496
"817";"4. DESPESA TOTAL 2/";2016-07-01;111043
"818";"4. DESPESA TOTAL 2/";2016-08-01;95325
"819";"4. DESPESA TOTAL 2/";2016-09-01;106002
"820";"4. DESPESA TOTAL 2/";2016-10-01;91151
"821";"4. DESPESA TOTAL 2/";2016-11-01;113005
"822";"4. DESPESA TOTAL 2/";2016-12-01;156364
"823";"4. DESPESA TOTAL 2/";2017-01-01;100787
"824";"4. DESPESA TOTAL 2/";2017-02-01;95336
"825";"4. DESPESA TOTAL 2/";2017-03-01;98734
"826";"4. DESPESA TOTAL 2/";2017-04-01;95712
"827";"4. DESPESA TOTAL 2/";2017-05-01;107113
"828";"4. DESPESA TOTAL 2/";2017-06-01;106482
"829";"4. DESPESA TOTAL 2/";2017-07-01;109272
"830";"4. DESPESA TOTAL 2/";2017-08-01;101673
"831";"4. DESPESA TOTAL 2/";2017-09-01;112539
"832";"4. DESPESA TOTAL 2/";2017-10-01;98152
"833";"4. DESPESA TOTAL 2/";2017-11-01;105359
"834";"4. DESPESA TOTAL 2/";2017-12-01;147847
"835";"4. DESPESA TOTAL 2/";2018-01-01;105357
"836";"4. DESPESA TOTAL 2/";2018-02-01;97480
"837";"4. DESPESA TOTAL 2/";2018-03-01;114123
"838";"4. DESPESA TOTAL 2/";2018-04-01;112054
"839";"4. DESPESA TOTAL 2/";2018-05-01;102305
"840";"4. DESPESA TOTAL 2/";2018-06-01;105295
"841";"4. DESPESA TOTAL 2/";2018-07-01;113962
"842";"4. DESPESA TOTAL 2/";2018-08-01;112219
"843";"4. DESPESA TOTAL 2/";2018-09-01;119634
"844";"4. DESPESA TOTAL 2/";2018-10-01;105316
"845";"4. DESPESA TOTAL 2/";2018-11-01;115590
"846";"4. DESPESA TOTAL 2/";2018-12-01;148424
"847";"4. DESPESA TOTAL 2/";2019-01-01;106813
"848";"4. DESPESA TOTAL 2/";2019-02-01;103604
"849";"4. DESPESA TOTAL 2/";2019-03-01;115502
"850";"4. DESPESA TOTAL 2/";2019-04-01;118174
"851";"4. DESPESA TOTAL 2/";2019-05-01;105520
"852";"4. DESPESA TOTAL 2/";2019-06-01;104272
"853";"4. DESPESA TOTAL 2/";2019-07-01;120175
"854";"4. DESPESA TOTAL 2/";2019-08-01;111019
"855";"4. DESPESA TOTAL 2/";2019-09-01;123448
"856";"4. DESPESA TOTAL 2/";2019-10-01;107963
"857";"4. DESPESA TOTAL 2/";2019-11-01;118425
"858";"4. DESPESA TOTAL 2/";2019-12-01;206929
"859";"4. DESPESA TOTAL 2/";2020-01-01;107566
"860";"4. DESPESA TOTAL 2/";2020-02-01;108256
"861";"4. DESPESA TOTAL 2/";2020-03-01;112887
"862";"4. DESPESA TOTAL 2/";2020-04-01;175078
"863";"4. DESPESA TOTAL 2/";2020-05-01;180637
"864";"4. DESPESA TOTAL 2/";2020-06-01;259841
"865";"4. DESPESA TOTAL 2/";2020-07-01;178138
"866";"4. DESPESA TOTAL 2/";2020-08-01;198197
"867";"4. DESPESA TOTAL 2/";2020-09-01;182766
"868";"4. DESPESA TOTAL 2/";2020-10-01;136645
"869";"4. DESPESA TOTAL 2/";2020-11-01;131381
"870";"4. DESPESA TOTAL 2/";2020-12-01;175744
"871";"4. DESPESA TOTAL 2/";2021-01-01;112073
"872";"4. DESPESA TOTAL 2/";2021-02-01;116505
"873";"4. DESPESA TOTAL 2/";2021-03-01;116031